{
    "questions": [
        {
            "title": "Quel célèbre dictateur dirigea l’URSS \ndu milieu des années 1920 à 1953 ?",
            "answers": ["Staline", "Lenine", "Molotov"],
            "goodAnswerIndex": 0
        },
        {
            "title": "Dans quel pays peut-on trouver la \nCatalogne, l’Andalousie et la Castille ?",
            "answers": ["Italie", "Espagne", "France"],
            "goodAnswerIndex": 1
        },
        {
            "title": "Qui a dit : « Le sort en est jeté » \n(Alea jacta est) ?",
            "answers": ["César", "Atila", "Auguste"],
            "goodAnswerIndex": 0
        },
        {
            "title": "Quel cinéaste a réalisé « Volver » \net « Parle avec elle » ?",
            "answers": ["Woody Allen", "Guillermo Del Toro", "Pedro Almodovar"],
            "goodAnswerIndex": 2
        },
        {
            "title": "À qui doit-on la chanson \n« I Shot the Sheriff » ?",
            "answers": ["Bob Marley", "Eric Clapton", "Jim Morrisson"],
            "goodAnswerIndex": 0
        },
        {
            "title": "Quel pays a remporté la coupe \ndu monde de football en 2014 ?",
            "answers": ["Argentine", "Allemagne", "Brésil"],
            "goodAnswerIndex": 1
        },
        {
            "title": "Dans quelle ville se situe l’action \nde la pièce « Roméo et Juliette »?",
            "answers": ["Vérone", "Venise", "Milan"],
            "goodAnswerIndex": 0
        },
        {
            "title": "Par quel mot désigne-t-on \nune belle-mère cruelle ?",
            "answers": ["Jocrisse", "Godiche", "Marâtre"],
            "goodAnswerIndex": 2
        },
        {
            "title": "Qui était le dieu de la guerre \ndans la mythologie grecque ?",
            "answers": ["Arès", "Hadès", "Hermès"],
            "goodAnswerIndex": 0
        },
        {
            "title": "Parmi les animaux suivants, lequel \npeut se déplacer le plus rapidement ?",
            "answers": ["Le springbok", "Le chevreuil", "Le léopard"],
            "goodAnswerIndex": 0
        }
  ]
}
